id;official_id;official_id_content_type;first_name;last_name;picture;picture_content_type
1;../fake-data/blob/hipster.png;image/png;Gregorio;Kunze;../fake-data/blob/hipster.png;image/png
2;../fake-data/blob/hipster.png;image/png;Keely;Runolfsdottir;../fake-data/blob/hipster.png;image/png
3;../fake-data/blob/hipster.png;image/png;Carlee;Brakus;../fake-data/blob/hipster.png;image/png
4;../fake-data/blob/hipster.png;image/png;Chloe;Hartmann;../fake-data/blob/hipster.png;image/png
5;../fake-data/blob/hipster.png;image/png;Sadye;Blanda;../fake-data/blob/hipster.png;image/png
6;../fake-data/blob/hipster.png;image/png;Tyshawn;Romaguera;../fake-data/blob/hipster.png;image/png
7;../fake-data/blob/hipster.png;image/png;Garett;Goldner;../fake-data/blob/hipster.png;image/png
8;../fake-data/blob/hipster.png;image/png;Donato;Treutel;../fake-data/blob/hipster.png;image/png
9;../fake-data/blob/hipster.png;image/png;Luigi;Leffler;../fake-data/blob/hipster.png;image/png
10;../fake-data/blob/hipster.png;image/png;Hailie;Schmidt;../fake-data/blob/hipster.png;image/png
