id;name;file;file_content_type
1;Haiti;../fake-data/blob/hipster.png;image/png
2;Advanced Awesome Rubber Mouse;../fake-data/blob/hipster.png;image/png
3;payment connect Berkshire;../fake-data/blob/hipster.png;image/png
4;XSS Suriname;../fake-data/blob/hipster.png;image/png
5;Lead cross-platform;../fake-data/blob/hipster.png;image/png
6;enable;../fake-data/blob/hipster.png;image/png
7;Moldova Operative;../fake-data/blob/hipster.png;image/png
8;Investment Account generate;../fake-data/blob/hipster.png;image/png
9;synthesize capacitor Andorra;../fake-data/blob/hipster.png;image/png
10;violet Outdoors deposit;../fake-data/blob/hipster.png;image/png
